{
  "project_info": {
    "project_number": "807942357372",
    "firebase_url": "https://notify-master-8b203.firebaseio.com",
    "project_id": "notify-master-8b203",
    "storage_bucket": "notify-master-8b203.appspot.com"
  },
  "client": [
    {
      "client_info": {
        "mobilesdk_app_id": "1:807942357372:android:ca15a0457aac3dda5564f9",
        "android_client_info": {
          "package_name": "com.sample.notify"
        }
      },
      "oauth_client": [
        {
          "client_id": "807942357372-4d2latph9k8sd6km2uqhh7llkpc0j20m.apps.googleusercontent.com",
          "client_type": 1,
          "android_info": {
            "package_name": "com.sample.notify",
            "certificate_hash": "c61c16363a23d207472f42fae9ed4baa2eaf36e7"
          }
        },
        {
          "client_id": "807942357372-ob13hcpbfoqflnphop2f2hbp7pg5bbt7.apps.googleusercontent.com",
          "client_type": 3
        }
      ],
      "api_key": [
        {
          "current_key": "AIzaSyAPySbq20s7gdQ5oxlU5EQbhWioFcgBssc"
        }
      ],
      "services": {
        "appinvite_service": {
          "other_platform_oauth_client": [
            {
              "client_id": "807942357372-ob13hcpbfoqflnphop2f2hbp7pg5bbt7.apps.googleusercontent.com",
              "client_type": 3
            }
          ]
        }
      }
    }
  ],
  "configuration_version": "1"
}